<?xml version="1.0" encoding="utf-8"?>
<!DOCTYPE hibernate-configuration PUBLIC 
  "-//Hibernate/Hibernate Configuration DTD 3.0//EN"
  "http://hibernate.sourceforge.net/hibernate-configuration-3.0.dtd">
  
<hibernate-configuration>
    <session-factory>
        <!-- Database connection settings -->
        <property name="hibernate.connection.driver_class">com.mysql.cj.jdbc.Driver</property>
        <property name="hibernate.connection.url">jdbc:mysql://localhost:3306/testdb</property>
        <property name="hibernate.connection.username">root</property>
        <property name="hibernate.connection.password">yourpassword</property>

        <!-- JDBC connection pool -->
        <property name="hibernate.connection.pool_size">10</property>

        <!-- SQL dialect -->
        <property name="hibernate.dialect">org.hibernate.dialect.MySQL8Dialect</property>

        <!-- Show SQL -->
        <property name="hibernate.show_sql">true</property>

        <!-- Automatically create/update schema -->
        <property name="hibernate.hbm2ddl.auto">update</property>

        <!-- Mapping annotated class -->
        <mapping class="com.example.Student"/>
    </session-factory>
</hibernate-configuration>

